tdis_tot,idis_tot,ener_tot,cost_tot,emis_tot,pele_tot,pgas_tot,pdih_tot,time_rat
30.661399322777605,0,3.0665410712206405,0.7865852582387494,0.5121123588938471,0.020205532407545312,,,0.002030994149585836
