tdis_tot,idis_tot,ener_tot,cost_tot,emis_tot,pele_tot,pgas_tot,pdih_tot,time_rat
167.4943773960484,5.4233365851520965,2.956451690353823,0.2417704735211585,0.35331311230486856,0.004907796724888819,,0.08850423180205197,0.001980545424272678
