variable,min,max,fixed
Shed min (17.5 - 18.5 [C]),6.736541975,5.216148543,6.409422441
Shed max (26.5 - 27.5 [C]),6.409422441,6.409422441,6.409422441
Shed initial adjust (0.5 - 1.5 [C]),5.459333051,6.606697702,6.409422441
Shed delta ratchet (0.0 - 1.0 [C]),4.621302347,6.25894844,6.409422441
Shed dev threshold (0.0 - 1.0 [C]),6.063558389,6.409429309,6.409422441
