variable,min,max,fixed
Shed min (17.5 - 18.5 [C]),5.975555778,4.576340082,5.379901663
Shed max (26.5 - 27.5 [C]),5.379901663,5.379901663,5.379901663
Shed initial adjust (0.5 - 1.5 [C]),4.324553212,5.900382856,5.379901663
Shed delta ratchet (0.0 - 1.0 [C]),3.242820632,5.823991612,5.379901663
Shed dev threshold (0.0 - 1.0 [C]),5.104207854,5.379338931,5.379901663
