variable,min,max,fixed
Shed min (17.5 - 18.5 [C]),2.881053303,2.217636671,2.593552561
Shed max (26.5 - 27.5 [C]),2.593552561,2.593552561,2.593552561
Shed initial adjust (0.5 - 1.5 [C]),2.12004399,2.858674862,2.593552561
Shed delta ratchet (0.0 - 1.0 [C]),1.612788783,2.830815613,2.593552561
Shed dev threshold (0.0 - 1.0 [C]),2.48979529,2.593491448,2.593552561
