tdis_tot,idis_tot,ener_tot,cost_tot,emis_tot,pele_tot,pgas_tot,pdih_tot,time_rat
1.9423882087230169,5.4234345959767385,3.4169452576775656,0.2798853866560661,0.4068947884321197,0.004907772525885372,,0.0937966736112899,0.0023810259893087254
