tdis_tot,idis_tot,ener_tot,cost_tot,emis_tot,pele_tot,pgas_tot,pdih_tot,time_rat
5.3205057315693205,1221.9089004893244,3.8738395910432377,0.016495982676523028,0.8193915519367598,0.011116280866208052,0.16150297106853087,,0.0022949989047832404
