tdis_tot,idis_tot,ener_tot,cost_tot,emis_tot,pele_tot,pgas_tot,pdih_tot,time_rat
70.36260730490365,1220.7251577855827,3.5901949883490696,0.014933058549763107,0.75699260187475,0.010956861196861036,0.16672089249635208,,0.002217724586606567
