tdis_tot,idis_tot,ener_tot,cost_tot,emis_tot,pele_tot,pgas_tot,pdih_tot,time_rat
94.31158764565374,2792.3007301781836,1.5420820797854977,0.10795586193587961,0.5258499892068548,0.034452771848073514,,,0.0019562526618835153
