tdis_tot,idis_tot,ener_tot,cost_tot,emis_tot,pele_tot,pgas_tot,pdih_tot,time_rat
136.80481860118581,5.423410081301778,2.9981916920069236,0.24522715615799814,0.3581664944858302,0.004907795669550865,,0.08874610828697223,0.0020918325290656295
