tdis_tot,idis_tot,ener_tot,cost_tot,emis_tot,pele_tot,pgas_tot,pdih_tot,time_rat
59.68719717411397,2819.983791738214,1.5510654804971964,0.10689849617601165,0.5289133288495439,0.03325268183451805,,,0.0033567692552294052
