tdis_tot,idis_tot,ener_tot,cost_tot,emis_tot,pele_tot,pgas_tot,pdih_tot,time_rat
74.92766288044398,1059.6782818349602,1.594220940437797,0.11297139528582247,0.5436293406892888,0.034391925460983144,,,0.003600291663770954
