tdis_tot,idis_tot,ener_tot,cost_tot,emis_tot,pele_tot,pgas_tot,pdih_tot,time_rat
35.20688480864217,1221.2663528466435,3.735251464136652,0.015683887851867872,0.7881558525476607,0.01102552719139138,0.16407323230103152,,0.0018801145693429588
