tdis_tot,idis_tot,ener_tot,cost_tot,emis_tot,pele_tot,pgas_tot,pdih_tot,time_rat
87.62527815818984,609.1339752053005,1.5739239422170155,0.11054780513962545,0.5367080642960025,0.03438574575415796,,,0.0018394676103163018
