tdis_tot,idis_tot,ener_tot,cost_tot,emis_tot,pele_tot,pgas_tot,pdih_tot,time_rat
27.917163350996546,0,3.075542642731414,0.7886882809724655,0.5136156213361461,0.020363637397183224,,,0.002206522090530553
