tdis_tot,idis_tot,ener_tot,cost_tot,emis_tot,pele_tot,pgas_tot,pdih_tot,time_rat
8.381695972693086,0,3.4780866469280154,0.9087775037982426,0.5808404700369787,0.018913066719234817,,,0.002006324947495837
