tdis_tot,idis_tot,ener_tot,cost_tot,emis_tot,pele_tot,pgas_tot,pdih_tot,time_rat
51.71325587345495,1454.3153512317244,1.5530555957269183,0.10895766572314716,0.5295919581428792,0.033227630354556136,,,0.003016409396770455
