tdis_tot,idis_tot,ener_tot,cost_tot,emis_tot,pele_tot,pgas_tot,pdih_tot,time_rat
89.73191417207059,680.655769436351,1.5922933339855816,0.11243516217467277,0.5429720268890833,0.03467401583715864,,,0.0017868831067804308
