tdis_tot,idis_tot,ener_tot,cost_tot,emis_tot,pele_tot,pgas_tot,pdih_tot,time_rat
36.09213747844013,0,3.072183008791797,0.7885757180315718,0.5130545624682302,0.020235411504773336,,,0.0031279692204714514
