tdis_tot,idis_tot,ener_tot,cost_tot,emis_tot,pele_tot,pgas_tot,pdih_tot,time_rat
40.90372983540217,1221.2116427886167,3.653803914371182,0.015272103621860395,0.7696226167417722,0.010533024272742057,0.16416415829279218,,0.0024271283328951712
