tdis_tot,idis_tot,ener_tot,cost_tot,emis_tot,pele_tot,pgas_tot,pdih_tot,time_rat
10.593324233472405,403.19014803140396,1.7230149267939678,0.12651412942919368,0.5875480900367428,0.03317542759153602,,,0.0031139351271841894
