tdis_tot,idis_tot,ener_tot,cost_tot,emis_tot,pele_tot,pgas_tot,pdih_tot,time_rat
68.51282190543822,1627.6953381276107,1.540556523598225,0.10740743834614801,0.5253297745469946,0.03328234247414866,,,0.002907761309749235
