tdis_tot,idis_tot,ener_tot,cost_tot,emis_tot,pele_tot,pgas_tot,pdih_tot,time_rat
32.8970442405343,0,3.066204097478104,0.7864097018902616,0.5120560842788435,0.020235411504773336,,,0.0024884168155328242
