tdis_tot,idis_tot,ener_tot,cost_tot,emis_tot,pele_tot,pgas_tot,pdih_tot,time_rat
43.318988003144064,2265.762761538017,1.5717951739361695,0.10936415992293005,0.5359821543122338,0.03325193277205582,,,0.0024629106406102736
