tdis_tot,idis_tot,ener_tot,cost_tot,emis_tot,pele_tot,pgas_tot,pdih_tot,time_rat
76.4306627122289,832.1599510619419,1.5949057218425695,0.11348344876967015,0.5438628511483162,0.034155192954832915,,,0.001803044062009249
