tdis_tot,idis_tot,ener_tot,cost_tot,emis_tot,pele_tot,pgas_tot,pdih_tot,time_rat
89.73201032454763,680.648648921814,1.5922988905813955,0.11243554210492514,0.5429739216882558,0.03467437053305079,,,0.0018226506724638284
