tdis_tot,idis_tot,ener_tot,cost_tot,emis_tot,pele_tot,pgas_tot,pdih_tot,time_rat
64.6982328593688,0,1.689507452842135,0.12247893626429633,0.576122041419168,0.03463541055830819,,,0.0018215075726546938
