tdis_tot,idis_tot,ener_tot,cost_tot,emis_tot,pele_tot,pgas_tot,pdih_tot,time_rat
76.2601201070917,1220.3147460014886,3.5118672326889655,0.014546365074493276,0.7390702558211131,0.01040532767372262,0.1667813115569452,,0.0033013540104074647
