tdis_tot,idis_tot,ener_tot,cost_tot,emis_tot,pele_tot,pgas_tot,pdih_tot,time_rat
92.49376783031451,763.6984238856651,1.5673998825812352,0.11016215882589372,0.5344833599602012,0.03447043104974557,,,0.001815404885857509
