tdis_tot,idis_tot,ener_tot,cost_tot,emis_tot,pele_tot,pgas_tot,pdih_tot,time_rat
10.602859140666032,223.82443689858243,1.7128266985690026,0.12525428076123002,0.58407390421203,0.03302902541713302,,,0.0023626405475710437
