tdis_tot,idis_tot,ener_tot,cost_tot,emis_tot,pele_tot,pgas_tot,pdih_tot,time_rat
79.00139674165719,1220.7152044692407,3.40154959795667,0.014042789506681471,0.7149108975163123,0.009871271000767325,0.12531074702289055,,0.0019831663655230252
