tdis_tot,idis_tot,ener_tot,cost_tot,emis_tot,pele_tot,pgas_tot,pdih_tot,time_rat
5.300033511093977,1221.95253934809,3.8258082978635515,0.016249221922506066,0.8081679269094727,0.010740101133622483,0.16154076807675194,,0.002436580470257286
