tdis_tot,idis_tot,ener_tot,cost_tot,emis_tot,pele_tot,pgas_tot,pdih_tot,time_rat
83.69511128410313,5.423342996251374,3.283938003550022,0.26887050461897416,0.39142901687810794,0.004907802786747176,,0.09483441577786203,0.0033986559335676316
