tdis_tot,idis_tot,ener_tot,cost_tot,emis_tot,pele_tot,pgas_tot,pdih_tot,time_rat
45.41823090746244,1221.3038875770596,3.5335336913999362,0.014718336474188331,0.7432885900298022,0.009963591902763434,0.12332698969055816,,0.0024206861175322817
