tdis_tot,idis_tot,ener_tot,cost_tot,emis_tot,pele_tot,pgas_tot,pdih_tot,time_rat
141.03029280764028,5.423374755951278,3.1869102300405605,0.2608340956943338,0.38015094271575883,0.004907812374980307,,0.09442558132267152,0.0019148517257662069
