tdis_tot,idis_tot,ener_tot,cost_tot,emis_tot,pele_tot,pgas_tot,pdih_tot,time_rat
34.897659080020254,0,3.0753170638235785,0.78943628564325,0.5135779496585378,0.020205532407545312,,,0.0023329886822895493
