tdis_tot,idis_tot,ener_tot,cost_tot,emis_tot,pele_tot,pgas_tot,pdih_tot,time_rat
24.609888115759233,0,3.082500127337506,0.7908148878576162,0.5147775212653636,0.020378035111175273,,,0.0021154292828285313
