tdis_tot,idis_tot,ener_tot,cost_tot,emis_tot,pele_tot,pgas_tot,pdih_tot,time_rat
84.88981744003121,753.3996054155346,1.5992123507638856,0.11336107805224696,0.545331411610485,0.034678676124854674,,,0.0018151975819279277
